symbol,date,periodType,currencyCode,BeginningCashPosition,CapitalExpenditure,CashDividendsPaid,CashFlowFromContinuingFinancingActivities,CashFlowFromContinuingInvestingActivities,CashFlowFromContinuingOperatingActivities,ChangeInAccountPayable,ChangeInCashSupplementalAsReported,ChangeInOtherCurrentAssets,ChangeInOtherWorkingCapital,ChangeInPayable,ChangeInPayablesAndAccruedExpense,ChangeInReceivables,ChangeInWorkingCapital,ChangesInAccountReceivables,ChangesInCash,CommonStockDividendPaid,CommonStockIssuance,CommonStockPayments,DeferredIncomeTax,DeferredTax,Depreciation,DepreciationAmortizationDepletion,DepreciationAndAmortization,EffectOfExchangeRateChanges,EndCashPosition,FinancingCashFlow,FreeCashFlow,IncomeTaxPaidSupplementalData,InterestPaidSupplementalData,InvestingCashFlow,IssuanceOfCapitalStock,IssuanceOfDebt,LongTermDebtIssuance,LongTermDebtPayments,NetBusinessPurchaseAndSale,NetCommonStockIssuance,NetIncome,NetIncomeFromContinuingOperations,NetInvestmentPurchaseAndSale,NetIssuancePaymentsOfDebt,NetLongTermDebtIssuance,NetOtherFinancingCharges,NetOtherInvestingChanges,NetPPEPurchaseAndSale,NetPreferredStockIssuance,NetShortTermDebtIssuance,OperatingCashFlow,OtherNonCashItems,PreferredStockIssuance,PreferredStockPayments,PurchaseOfBusiness,PurchaseOfInvestment,PurchaseOfPPE,RepaymentOfDebt,RepurchaseOfCapitalStock,SaleOfInvestment,SaleOfPPE,StockBasedCompensation
GS,2017-03-31,3M,USD,121711000000.0,-838000000.0,-366000000.0,6261000000.0,-1573000000.0,-3364000000.0,,1324000000.0,,-16182000000.0,,,-6658000000.0,-7148000000.0,,1324000000.0,-366000000.0,6000000.0,-1503000000.0,,,,257000000.0,257000000.0,,123035000000.0,6261000000.0,-4202000000.0,257000000.0,2310000000.0,-1573000000.0,6000000.0,22124000000.0,22124000000.0,-14464000000.0,-512000000.0,-1497000000.0,2255000000.0,2255000000.0,539000000.0,4882000000.0,7660000000.0,-589000000.0,,-761000000.0,0.0,-2778000000.0,-3364000000.0,,0.0,0.0,-512000000.0,,-838000000.0,-14464000000.0,-1503000000.0,539000000.0,77000000.0,1272000000.0
GS,2017-06-30,3M,USD,123035000000.0,-683000000.0,-510000000.0,3711000000.0,-5369000000.0,-10489000000.0,,-12147000000.0,,-13067000000.0,,,-7869000000.0,-12657000000.0,,-12147000000.0,-510000000.0,1000000.0,-1466000000.0,,,,265000000.0,265000000.0,,110888000000.0,3711000000.0,-11172000000.0,207000000.0,3970000000.0,-5369000000.0,1000000.0,14213000000.0,14213000000.0,-8030000000.0,-574000000.0,-1465000000.0,1831000000.0,1831000000.0,-390000000.0,8052000000.0,6183000000.0,81000000.0,,-558000000.0,-62000000.0,1869000000.0,-10489000000.0,,0.0,-62000000.0,,,-683000000.0,-8030000000.0,-1528000000.0,338000000.0,125000000.0,180000000.0
GS,2017-09-30,3M,USD,110888000000.0,-689000000.0,-395000000.0,14132000000.0,-11144000000.0,2734000000.0,,5722000000.0,,-2582000000.0,,,5879000000.0,168000000.0,,5722000000.0,-395000000.0,0.0,-2174000000.0,,,,280000000.0,280000000.0,,116610000000.0,14132000000.0,2045000000.0,207000000.0,5830000000.0,-11144000000.0,0.0,15012000000.0,15012000000.0,-6218000000.0,-762000000.0,-2174000000.0,2128000000.0,2128000000.0,-2145000000.0,8853000000.0,8794000000.0,630000000.0,,-455000000.0,0.0,59000000.0,2734000000.0,,0.0,0.0,,-2543000000.0,-689000000.0,-6218000000.0,-2174000000.0,398000000.0,234000000.0,158000000.0
GS,2017-12-31,3M,USD,116610000000.0,-975000000.0,-498000000.0,11094000000.0,-11030000000.0,-6623000000.0,,-6559000000.0,,21595000000.0,,,-21434000000.0,-10656000000.0,,-6559000000.0,-498000000.0,0.0,-1629000000.0,,,,350000000.0,350000000.0,,110051000000.0,11094000000.0,-7598000000.0,749000000.0,-940000000.0,-11030000000.0,1495000000.0,14399000000.0,14399000000.0,-6770000000.0,-535000000.0,-1629000000.0,-1928000000.0,-1928000000.0,-4970000000.0,7573000000.0,7629000000.0,-664000000.0,,-837000000.0,470000000.0,-56000000.0,-6623000000.0,,1495000000.0,-1025000000.0,,-6582000000.0,-975000000.0,-6770000000.0,-2654000000.0,1612000000.0,138000000.0,159000000.0
GS,2018-03-31,3M,USD,110051000000.0,-1563000000.0,-376000000.0,20629000000.0,-9213000000.0,-964000000.0,,10452000000.0,,-9249000000.0,,,-10479000000.0,-5424000000.0,,10452000000.0,-376000000.0,0.0,-800000000.0,,,,299000000.0,299000000.0,,120503000000.0,20629000000.0,-2527000000.0,326000000.0,3550000000.0,-9213000000.0,0.0,17291000000.0,17291000000.0,-11924000000.0,-68000000.0,-800000000.0,2832000000.0,2832000000.0,-3005000000.0,10970000000.0,5367000000.0,-851000000.0,,-556000000.0,-650000000.0,5603000000.0,-964000000.0,,,-650000000.0,-68000000.0,-3188000000.0,-1563000000.0,-11924000000.0,-1450000000.0,183000000.0,1007000000.0,1329000000.0
GS,2018-06-30,3M,USD,120503000000.0,-2188000000.0,-531000000.0,5906000000.0,-3590000000.0,8598000000.0,,10914000000.0,,-24681000000.0,,,20834000000.0,5522000000.0,,10914000000.0,-531000000.0,10000000.0,0.0,,,,335000000.0,335000000.0,,131417000000.0,5906000000.0,6410000000.0,221000000.0,4070000000.0,-3590000000.0,10000000.0,16295000000.0,16295000000.0,-12847000000.0,-81000000.0,10000000.0,2565000000.0,2565000000.0,108000000.0,3422000000.0,3448000000.0,504000000.0,,-1249000000.0,0.0,-26000000.0,8598000000.0,,,0.0,-81000000.0,-12000000.0,-2188000000.0,-12847000000.0,0.0,120000000.0,939000000.0,176000000.0
GS,2018-09-30,3M,USD,131417000000.0,-2196000000.0,-382000000.0,-3200000000.0,-4032000000.0,-5314000000.0,,-12546000000.0,,-3118000000.0,,,2688000000.0,-8161000000.0,,-12546000000.0,-382000000.0,3000000.0,-1244000000.0,,,,317000000.0,317000000.0,,118871000000.0,-3200000000.0,-7510000000.0,386000000.0,4510000000.0,-4032000000.0,3000000.0,10914000000.0,10914000000.0,-12680000000.0,3000000.0,-1241000000.0,2524000000.0,2524000000.0,34000000.0,126000000.0,-1766000000.0,220000000.0,,-1656000000.0,0.0,1892000000.0,-5314000000.0,,,0.0,3000000.0,-24000000.0,-2196000000.0,-12680000000.0,-1244000000.0,58000000.0,540000000.0,166000000.0
GS,2018-12-31,3M,USD,118871000000.0,-2035000000.0,-521000000.0,-583000000.0,-5842000000.0,18101000000.0,,11676000000.0,,17835000000.0,,,,16997000000.0,,11676000000.0,-521000000.0,25000000.0,-1250000000.0,,,,377000000.0,377000000.0,,130547000000.0,-583000000.0,16066000000.0,337000000.0,4590000000.0,-5842000000.0,25000000.0,6423000000.0,6423000000.0,-9274000000.0,-16000000.0,-1225000000.0,2538000000.0,2538000000.0,-516000000.0,-7397000000.0,-2851000000.0,1303000000.0,,-810000000.0,-35000000.0,-4546000000.0,18101000000.0,,,-35000000.0,,-566000000.0,-2035000000.0,-9274000000.0,-1285000000.0,50000000.0,1225000000.0,160000000.0
GS,2019-03-31,3M,USD,130547000000.0,-2128000000.0,-375000000.0,3844000000.0,-1501000000.0,-45006000000.0,,-42663000000.0,,-36137000000.0,,,,-49352000000.0,,-42663000000.0,-375000000.0,,-1250000000.0,,,,368000000.0,368000000.0,,87884000000.0,3844000000.0,-47134000000.0,,4372000000.0,-1501000000.0,,7695000000.0,7695000000.0,-7776000000.0,0.0,-1250000000.0,2251000000.0,2251000000.0,212000000.0,-2390000000.0,-81000000.0,2265000000.0,,138000000.0,0.0,-2309000000.0,-45006000000.0,,,0.0,0.0,-4803000000.0,-2128000000.0,-7776000000.0,-1250000000.0,5015000000.0,2266000000.0,1503000000.0
GS,2019-06-30,3M,USD,87884000000.0,-2040000000.0,-535000000.0,-6230000000.0,-1000000.0,9439000000.0,,3208000000.0,,681000000.0,,,,6213000000.0,,3208000000.0,-535000000.0,,-1250000000.0,,,,399000000.0,399000000.0,,91092000000.0,-6230000000.0,7399000000.0,,4580000000.0,-1000000.0,,6459000000.0,6459000000.0,-13183000000.0,-61000000.0,-1250000000.0,2421000000.0,2421000000.0,2088000000.0,-6992000000.0,-6724000000.0,21000000.0,,-821000000.0,499000000.0,-268000000.0,9439000000.0,,,0.0,-61000000.0,-1153000000.0,-2040000000.0,-13183000000.0,-1250000000.0,3241000000.0,1219000000.0,192000000.0
GS,2019-09-30,3M,USD,91092000000.0,-2229000000.0,-550000000.0,12812000000.0,-17894000000.0,8084000000.0,,3002000000.0,,-30436000000.0,,,,5286000000.0,,3002000000.0,-550000000.0,0.0,-673000000.0,,,,473000000.0,473000000.0,,94094000000.0,12812000000.0,5855000000.0,379000000.0,5180000000.0,-17894000000.0,0.0,9554000000.0,9554000000.0,-12420000000.0,-742000000.0,-673000000.0,1877000000.0,1877000000.0,-13565000000.0,-1857000000.0,-2866000000.0,82000000.0,,-1153000000.0,-500000000.0,1009000000.0,8084000000.0,,0.0,-500000000.0,-742000000.0,-13585000000.0,-2229000000.0,-12420000000.0,-1173000000.0,20000000.0,1076000000.0,157000000.0
GS,2019-12-31,3M,USD,94094000000.0,-2046000000.0,-644000000.0,-7059000000.0,-4840000000.0,51351000000.0,,39452000000.0,,-16672000000.0,,,,48822000000.0,,39452000000.0,-644000000.0,0.0,-2162000000.0,,,,464000000.0,464000000.0,,133546000000.0,-7059000000.0,49305000000.0,320000000.0,4513000000.0,-4840000000.0,599000000.0,5930000000.0,5930000000.0,-18231000000.0,0.0,-2162000000.0,1917000000.0,1917000000.0,-696000000.0,-12769000000.0,-12301000000.0,1234000000.0,,25000000.0,-1000000.0,-468000000.0,51351000000.0,,599000000.0,-600000000.0,0.0,-10232000000.0,-2046000000.0,-18231000000.0,-2762000000.0,9536000000.0,2071000000.0,166000000.0
GS,2020-03-31,3M,USD,133546000000.0,-2843000000.0,-538000000.0,57310000000.0,-32336000000.0,-53031000000.0,,-28057000000.0,,-4387000000.0,,,,-57012000000.0,,-28057000000.0,-538000000.0,,-1928000000.0,,,,437000000.0,437000000.0,,105489000000.0,57310000000.0,-55874000000.0,474000000.0,4041000000.0,-32336000000.0,349000000.0,29475000000.0,29475000000.0,-16631000000.0,,-1928000000.0,1213000000.0,1213000000.0,-6325000000.0,32066000000.0,12844000000.0,-670000000.0,,-2446000000.0,-1000000.0,19222000000.0,-53031000000.0,,349000000.0,-350000000.0,,-10214000000.0,-2843000000.0,-16631000000.0,-2278000000.0,3889000000.0,397000000.0,1395000000.0
GS,2020-06-30,3M,USD,105489000000.0,-1065000000.0,-626000000.0,34850000000.0,3907000000.0,-11647000000.0,,27110000000.0,,10818000000.0,,,,-14294000000.0,,27110000000.0,-626000000.0,,0.0,,,,499000000.0,499000000.0,,132599000000.0,34850000000.0,-12712000000.0,299000000.0,1814000000.0,3907000000.0,0.0,6437000000.0,6437000000.0,-13081000000.0,,0.0,2423000000.0,373000000.0,-6319000000.0,-16167000000.0,-6644000000.0,499000000.0,,-640000000.0,0.0,-9523000000.0,-11647000000.0,,0.0,0.0,,-18073000000.0,-1065000000.0,-13081000000.0,0.0,11754000000.0,425000000.0,185000000.0
GS,2020-09-30,3M,USD,132599000000.0,-998000000.0,-580000000.0,-17330000000.0,2996000000.0,34936000000.0,,20602000000.0,,-28255000000.0,,,,30666000000.0,,20602000000.0,-580000000.0,,0.0,,,,468000000.0,468000000.0,,153201000000.0,-17330000000.0,33938000000.0,1131000000.0,1793000000.0,2996000000.0,0.0,6224000000.0,6224000000.0,-13360000000.0,-226000000.0,0.0,3617000000.0,3367000000.0,-1672000000.0,-8639000000.0,-7136000000.0,760000000.0,,-548000000.0,0.0,-1503000000.0,34936000000.0,,0.0,0.0,-226000000.0,-9229000000.0,-998000000.0,-13360000000.0,0.0,7557000000.0,450000000.0,157000000.0
GS,2020-12-31,3M,USD,153201000000.0,-1403000000.0,-592000000.0,-4450000000.0,-8923000000.0,16014000000.0,,2641000000.0,,3738000000.0,,,,11367000000.0,,2641000000.0,-592000000.0,,0.0,,,,498000000.0,498000000.0,,155842000000.0,-4450000000.0,14611000000.0,850000000.0,1443000000.0,-8923000000.0,0.0,13187000000.0,13187000000.0,-16116000000.0,-5000000.0,0.0,4506000000.0,4506000000.0,-5297000000.0,-557000000.0,-2929000000.0,10000000.0,,295000000.0,0.0,2372000000.0,16014000000.0,,0.0,0.0,-5000000.0,-11154000000.0,-1403000000.0,-16116000000.0,0.0,5857000000.0,1698000000.0,183000000.0
GS,2021-03-31,3M,USD,155842000000.0,-1312000000.0,-551000000.0,42983000000.0,-2487000000.0,-5183000000.0,,35313000000.0,,43799000000.0,,,,-14206000000.0,,35313000000.0,,,-2700000000.0,,,,498000000.0,498000000.0,,191155000000.0,42983000000.0,-6495000000.0,555000000.0,1896000000.0,-2487000000.0,0.0,28121000000.0,28121000000.0,-12491000000.0,,-2700000000.0,6836000000.0,6836000000.0,2471000000.0,21973000000.0,15630000000.0,-261000000.0,,-1120000000.0,-2000000000.0,6343000000.0,-5183000000.0,,0.0,-2000000000.0,,-12848000000.0,-1312000000.0,-12491000000.0,-4700000000.0,15319000000.0,192000000.0,1759000000.0
GS,2021-06-30,3M,USD,191155000000.0,-1353000000.0,-560000000.0,37888000000.0,-9221000000.0,20467000000.0,,49134000000.0,,14411000000.0,,,,14351000000.0,,49134000000.0,,,-1000000000.0,,,,520000000.0,520000000.0,,240289000000.0,37888000000.0,19114000000.0,2744000000.0,1127000000.0,-9221000000.0,675000000.0,27655000000.0,27655000000.0,-12145000000.0,,-1000000000.0,5486000000.0,5486000000.0,1382000000.0,19672000000.0,15510000000.0,-36000000.0,,-810000000.0,0.0,4162000000.0,20467000000.0,,675000000.0,-675000000.0,,-6868000000.0,-1353000000.0,-12145000000.0,-1675000000.0,8250000000.0,543000000.0,202000000.0
GS,2021-09-30,3M,USD,240289000000.0,-883000000.0,-792000000.0,15620000000.0,-4819000000.0,-39260000000.0,,-28459000000.0,,-12955000000.0,,,,-45502000000.0,,-28459000000.0,,,-1000000000.0,,,,509000000.0,509000000.0,,211830000000.0,15620000000.0,-40143000000.0,1470000000.0,1371000000.0,-4819000000.0,748000000.0,16683000000.0,16683000000.0,-18656000000.0,,-1000000000.0,5378000000.0,5378000000.0,4276000000.0,-11771000000.0,-1973000000.0,157000000.0,,1493000000.0,748000000.0,-9798000000.0,-39260000000.0,,748000000.0,0.0,,-12282000000.0,-883000000.0,-18656000000.0,-1000000000.0,16558000000.0,2376000000.0,180000000.0
GS,2021-12-31,3M,USD,211830000000.0,-1119000000.0,-822000000.0,38247000000.0,-13938000000.0,24897000000.0,,49206000000.0,,4920000000.0,,,,19918000000.0,,49206000000.0,,,-500000000.0,,,,488000000.0,488000000.0,,261036000000.0,38247000000.0,23778000000.0,1426000000.0,1127000000.0,-13938000000.0,749000000.0,25053000000.0,25053000000.0,-15906000000.0,0.0,-500000000.0,3935000000.0,3935000000.0,-2340000000.0,9257000000.0,9147000000.0,637000000.0,,-297000000.0,749000000.0,110000000.0,24897000000.0,,749000000.0,0.0,0.0,-7914000000.0,-1119000000.0,-15906000000.0,-500000000.0,5574000000.0,822000000.0,207000000.0
GS,2022-03-31,3M,USD,261036000000.0,-953000000.0,-815000000.0,53101000000.0,-17021000000.0,-22952000000.0,,13128000000.0,,39212000000.0,,,,-31072000000.0,,13128000000.0,,,-500000000.0,,,,492000000.0,492000000.0,,274164000000.0,53101000000.0,-23905000000.0,435000000.0,1299000000.0,-17021000000.0,,37471000000.0,37471000000.0,-16200000000.0,-13000000.0,-500000000.0,3939000000.0,3939000000.0,-6411000000.0,30015000000.0,21271000000.0,-205000000.0,,-525000000.0,0.0,8744000000.0,-22952000000.0,,,0.0,,-8780000000.0,-953000000.0,-16200000000.0,-500000000.0,2369000000.0,428000000.0,3128000000.0
JPM,2017-03-31,3M,USD,23873000000.0,,-2045000000.0,43605000000.0,-27037000000.0,-20036000000.0,-9048000000.0,-3389000000.0,11854000000.0,-24995000000.0,-9048000000.0,-9048000000.0,-7767000000.0,-29956000000.0,-7767000000.0,-3468000000.0,-2045000000.0,,-2832000000.0,629000000.0,629000000.0,1464000000.0,1464000000.0,1464000000.0,79000000.0,20484000000.0,43605000000.0,-20036000000.0,356000000.0,3195000000.0,-27037000000.0,,20846000000.0,16538000000.0,-26049000000.0,,-2832000000.0,6448000000.0,6448000000.0,8050000000.0,-5203000000.0,-9511000000.0,100000000.0,-24000000.0,,,4308000000.0,-20036000000.0,64000000.0,,,,-20416000000.0,,-26049000000.0,-2832000000.0,28466000000.0,,
JPM,2017-06-30,3M,USD,20484000000.0,,-2341000000.0,4306000000.0,-10042000000.0,7012000000.0,3859000000.0,1297000000.0,-488000000.0,-4901000000.0,3859000000.0,3859000000.0,-4173000000.0,-5703000000.0,-4173000000.0,1276000000.0,-2341000000.0,,-3007000000.0,-790000000.0,-790000000.0,1504000000.0,1504000000.0,1504000000.0,21000000.0,21781000000.0,4306000000.0,7012000000.0,1380000000.0,3127000000.0,-10042000000.0,,32906000000.0,18992000000.0,-21694000000.0,,-3007000000.0,7029000000.0,7029000000.0,21079000000.0,11212000000.0,-2702000000.0,-1052000000.0,574000000.0,,,13914000000.0,7012000000.0,3757000000.0,,,,-25197000000.0,,-21694000000.0,-3007000000.0,46276000000.0,,
JPM,2017-09-30,3M,USD,21781000000.0,,-2092000000.0,-11506000000.0,14737000000.0,-3014000000.0,2241000000.0,213000000.0,7469000000.0,-29646000000.0,2241000000.0,2241000000.0,2145000000.0,-17791000000.0,2145000000.0,217000000.0,-2092000000.0,,-4763000000.0,-26000000.0,-26000000.0,1579000000.0,1579000000.0,1579000000.0,-4000000.0,21994000000.0,-11506000000.0,-3014000000.0,1502000000.0,3972000000.0,14737000000.0,,11565000000.0,10781000000.0,-18189000000.0,,-4763000000.0,6732000000.0,6732000000.0,1244000000.0,-6624000000.0,-7408000000.0,-31000000.0,105000000.0,,,784000000.0,-3014000000.0,5040000000.0,,,,-28698000000.0,,-18189000000.0,-4763000000.0,29942000000.0,,
JPM,2017-12-31,3M,USD,21994000000.0,,-2515000000.0,-21763000000.0,12059000000.0,13537000000.0,-5570000000.0,3833000000.0,-14517000000.0,30306000000.0,-5570000000.0,-5570000000.0,-6073000000.0,4146000000.0,-6073000000.0,3833000000.0,-2515000000.0,,-4808000000.0,2499000000.0,2499000000.0,1632000000.0,1632000000.0,1632000000.0,0.0,25827000000.0,-21763000000.0,13537000000.0,1087000000.0,3859000000.0,12059000000.0,,-9046000000.0,9960000000.0,-17147000000.0,,-4808000000.0,4232000000.0,4232000000.0,12850000000.0,-9653000000.0,-7187000000.0,13000000.0,-1218000000.0,,,-2466000000.0,13537000000.0,-280000000.0,,,,-33347000000.0,,-17147000000.0,-6066000000.0,46197000000.0,,
JPM,2018-03-31,3M,USD,431304000000.0,,-2236000000.0,60589000000.0,-45021000000.0,-35109000000.0,-90000000.0,-16492000000.0,-3929000000.0,-36423000000.0,-90000000.0,-90000000.0,-5009000000.0,-45451000000.0,-5009000000.0,-19541000000.0,-2236000000.0,,-4671000000.0,-175000000.0,-175000000.0,1797000000.0,1797000000.0,1797000000.0,3049000000.0,414812000000.0,60589000000.0,-35109000000.0,429000000.0,4431000000.0,-45021000000.0,,19916000000.0,19916000000.0,-31887000000.0,,-4671000000.0,8712000000.0,8712000000.0,8814000000.0,-942000000.0,-11971000000.0,-1176000000.0,-649000000.0,,,11029000000.0,-35109000000.0,-1157000000.0,,,,-19366000000.0,,-31887000000.0,-4671000000.0,28180000000.0,,
JPM,2018-06-30,3M,USD,414812000000.0,,-2480000000.0,-46823000000.0,6047000000.0,35685000000.0,12664000000.0,-9632000000.0,3213000000.0,12429000000.0,12664000000.0,12664000000.0,-3074000000.0,25232000000.0,-3074000000.0,-5091000000.0,-2480000000.0,,-4968000000.0,-41000000.0,-41000000.0,1927000000.0,1927000000.0,1927000000.0,-4541000000.0,405180000000.0,-46823000000.0,35685000000.0,3477000000.0,4720000000.0,6047000000.0,,21250000000.0,21250000000.0,-18284000000.0,,-4968000000.0,8316000000.0,8316000000.0,2711000000.0,4088000000.0,2966000000.0,-345000000.0,-1263000000.0,,,1122000000.0,35685000000.0,-959000000.0,,,,-15513000000.0,,-18284000000.0,-4968000000.0,18224000000.0,,
JPM,2018-09-30,3M,USD,405180000000.0,,-2273000000.0,2553000000.0,-808000000.0,13189000000.0,14103000000.0,13917000000.0,3625000000.0,-16197000000.0,14103000000.0,14103000000.0,-3252000000.0,-1721000000.0,-3252000000.0,14934000000.0,-2273000000.0,,-4416000000.0,-107000000.0,-107000000.0,1992000000.0,1992000000.0,1992000000.0,-1017000000.0,419097000000.0,2553000000.0,13189000000.0,-1709000000.0,5993000000.0,-808000000.0,,13676000000.0,13676000000.0,-19465000000.0,,-4416000000.0,8380000000.0,8380000000.0,-460000000.0,-4966000000.0,-5789000000.0,1056000000.0,-75000000.0,,,823000000.0,13189000000.0,3697000000.0,,,,-20264000000.0,,-19465000000.0,-4416000000.0,19804000000.0,,
JPM,2018-12-31,3M,USD,419097000000.0,,-3120000000.0,17839000000.0,-158211000000.0,422000000.0,-12047000000.0,-140304000000.0,-11742000000.0,13249000000.0,-12047000000.0,-12047000000.0,5486000000.0,-5054000000.0,5486000000.0,-139950000000.0,-3120000000.0,,-5928000000.0,2044000000.0,2044000000.0,2075000000.0,2075000000.0,2075000000.0,-354000000.0,278793000000.0,17839000000.0,422000000.0,1345000000.0,6008000000.0,-158211000000.0,41000000.0,16820000000.0,16820000000.0,-6677000000.0,,-5928000000.0,7066000000.0,7066000000.0,-29111000000.0,15645000000.0,10143000000.0,747000000.0,-2999000000.0,,-1655000000.0,5502000000.0,422000000.0,-7257000000.0,41000000.0,,,-49316000000.0,,-6677000000.0,-7624000000.0,20205000000.0,,
JPM,2019-03-31,3M,USD,278793000000.0,,-3033000000.0,69435000000.0,36301000000.0,-80880000000.0,10705000000.0,23811000000.0,2292000000.0,-120865000000.0,10705000000.0,10705000000.0,869000000.0,-106999000000.0,869000000.0,24856000000.0,-3033000000.0,,-5091000000.0,233000000.0,233000000.0,2038000000.0,2038000000.0,2038000000.0,-1045000000.0,302604000000.0,69435000000.0,-80880000000.0,534000000.0,7336000000.0,36301000000.0,1850000000.0,15560000000.0,15560000000.0,-12425000000.0,,-5091000000.0,9179000000.0,9179000000.0,-2772000000.0,4590000000.0,3135000000.0,4893000000.0,-1769000000.0,,925000000.0,1455000000.0,-80880000000.0,13174000000.0,1850000000.0,-925000000.0,,-33244000000.0,,-12425000000.0,-6016000000.0,30472000000.0,,
JPM,2019-06-30,3M,USD,302604000000.0,,-3048000000.0,-12966000000.0,-8877000000.0,-13854000000.0,-1915000000.0,-34566000000.0,-12438000000.0,3482000000.0,-1915000000.0,-1915000000.0,-16285000000.0,-27156000000.0,-16285000000.0,-35697000000.0,-3048000000.0,,-5210000000.0,-275000000.0,-275000000.0,2046000000.0,2046000000.0,2046000000.0,1131000000.0,268038000000.0,-12966000000.0,-13854000000.0,2358000000.0,6458000000.0,-8877000000.0,0.0,13599000000.0,13599000000.0,-25959000000.0,,-5210000000.0,9652000000.0,9652000000.0,-36286000000.0,-23722000000.0,-12360000000.0,4027000000.0,106000000.0,,0.0,-11362000000.0,-13854000000.0,730000000.0,0.0,0.0,,-73659000000.0,,-25959000000.0,-5210000000.0,37373000000.0,,
JPM,2019-09-30,3M,USD,268038000000.0,,-2975000000.0,39537000000.0,-65605000000.0,17695000000.0,10871000000.0,-11441000000.0,-11035000000.0,7870000000.0,10871000000.0,10871000000.0,-673000000.0,7033000000.0,-673000000.0,-8373000000.0,-2975000000.0,,-6949000000.0,-398000000.0,-398000000.0,,2145000000.0,2145000000.0,-3068000000.0,256597000000.0,39537000000.0,17695000000.0,586000000.0,6996000000.0,-65605000000.0,2250000000.0,15996000000.0,15996000000.0,-13552000000.0,,-6949000000.0,9080000000.0,9080000000.0,-85809000000.0,-8226000000.0,2444000000.0,-4120000000.0,-2620000000.0,,1370000000.0,-10670000000.0,17695000000.0,-1679000000.0,2250000000.0,-880000000.0,,-105041000000.0,,-13552000000.0,-7829000000.0,19232000000.0,,
JPM,2019-12-31,3M,USD,256597000000.0,,-3287000000.0,-63019000000.0,-15832000000.0,83085000000.0,-20013000000.0,7034000000.0,3232000000.0,66714000000.0,-20013000000.0,-20013000000.0,16011000000.0,65944000000.0,16011000000.0,4234000000.0,-3287000000.0,,-6751000000.0,1389000000.0,1389000000.0,,2139000000.0,2139000000.0,2800000000.0,263631000000.0,-63019000000.0,83085000000.0,2146000000.0,9128000000.0,-15832000000.0,900000000.0,15930000000.0,15930000000.0,-17674000000.0,,-6751000000.0,8520000000.0,8520000000.0,-4905000000.0,-9728000000.0,-1744000000.0,-1657000000.0,-752000000.0,,-1370000000.0,-7984000000.0,83085000000.0,3666000000.0,900000000.0,-2270000000.0,,-43632000000.0,,-17674000000.0,-9021000000.0,38727000000.0,,
JPM,2020-03-31,3M,USD,263631000000.0,,-3188000000.0,362305000000.0,-135150000000.0,-120772000000.0,45019000000.0,103903000000.0,-61893000000.0,-67116000000.0,45019000000.0,45019000000.0,-49323000000.0,-133313000000.0,-49323000000.0,106383000000.0,-3188000000.0,,-6517000000.0,-1329000000.0,-1329000000.0,,2197000000.0,2197000000.0,-2480000000.0,367534000000.0,362305000000.0,-120772000000.0,763000000.0,4374000000.0,-135150000000.0,4500000000.0,34851000000.0,34851000000.0,-29057000000.0,,-6517000000.0,2865000000.0,2865000000.0,-65801000000.0,18249000000.0,5794000000.0,3442000000.0,-13108000000.0,,3070000000.0,12455000000.0,-120772000000.0,523000000.0,4500000000.0,-1430000000.0,,-131810000000.0,,-29057000000.0,-7947000000.0,66009000000.0,,
JPM,2020-06-30,3M,USD,367534000000.0,,-3154000000.0,89131000000.0,-48467000000.0,83740000000.0,-26079000000.0,126195000000.0,37736000000.0,7204000000.0,-26079000000.0,-26079000000.0,49697000000.0,68558000000.0,49697000000.0,124404000000.0,,,0.0,-3517000000.0,-3517000000.0,,2149000000.0,2149000000.0,1791000000.0,493729000000.0,89131000000.0,83740000000.0,3081000000.0,4865000000.0,-48467000000.0,0.0,22893000000.0,22893000000.0,-13887000000.0,,0.0,4687000000.0,4687000000.0,-83144000000.0,4543000000.0,9006000000.0,313000000.0,7203000000.0,,0.0,-4463000000.0,83740000000.0,1390000000.0,0.0,0.0,,-115812000000.0,,-13887000000.0,0.0,32668000000.0,,
JPM,2020-09-30,3M,USD,493729000000.0,,-3209000000.0,19251000000.0,-14589000000.0,-14826000000.0,-2332000000.0,-6207000000.0,-4391000000.0,-24205000000.0,-2332000000.0,-2332000000.0,-4772000000.0,-35700000000.0,-4772000000.0,-10164000000.0,,,0.0,-590000000.0,-590000000.0,,2141000000.0,2141000000.0,3957000000.0,487522000000.0,19251000000.0,-14826000000.0,2280000000.0,2337000000.0,-14589000000.0,0.0,6499000000.0,6499000000.0,-47537000000.0,,0.0,9443000000.0,9443000000.0,27831000000.0,-47085000000.0,-41038000000.0,-976000000.0,2507000000.0,,0.0,-6047000000.0,-14826000000.0,9269000000.0,0.0,0.0,,-39053000000.0,,-47537000000.0,0.0,66884000000.0,,
JPM,2020-12-31,3M,USD,487522000000.0,,-3139000000.0,125958000000.0,-63706000000.0,-28052000000.0,-8781000000.0,40087000000.0,-13886000000.0,-8168000000.0,-8781000000.0,-8781000000.0,-13614000000.0,-44449000000.0,-13614000000.0,34200000000.0,,,0.0,1455000000.0,1455000000.0,,2127000000.0,2127000000.0,5887000000.0,527609000000.0,125958000000.0,-28052000000.0,1537000000.0,1501000000.0,-63706000000.0,0.0,14443000000.0,14443000000.0,-14574000000.0,,0.0,12136000000.0,12136000000.0,-59638000000.0,2362000000.0,-131000000.0,-2359000000.0,-3943000000.0,,0.0,2493000000.0,-28052000000.0,2568000000.0,0.0,0.0,,-122870000000.0,,-14574000000.0,0.0,63232000000.0,,
JPM,2021-03-31,3M,USD,527609000000.0,,-3193000000.0,218911000000.0,15391000000.0,-43872000000.0,23559000000.0,183463000000.0,7131000000.0,-53220000000.0,23559000000.0,23559000000.0,-24323000000.0,-46853000000.0,-24323000000.0,190430000000.0,,,-4806000000.0,998000000.0,998000000.0,2070000000.0,2070000000.0,2070000000.0,-6967000000.0,711072000000.0,218911000000.0,-43872000000.0,640000000.0,1127000000.0,15391000000.0,1500000000.0,24162000000.0,24162000000.0,-14983000000.0,,-4806000000.0,14300000000.0,14300000000.0,-17687000000.0,18566000000.0,9179000000.0,-2501000000.0,-653000000.0,,1500000000.0,9387000000.0,-43872000000.0,-10231000000.0,1500000000.0,0.0,,-127306000000.0,,-14983000000.0,-4806000000.0,109619000000.0,,
JPM,2021-06-30,3M,USD,711072000000.0,,-3121000000.0,-37943000000.0,17698000000.0,13530000000.0,7213000000.0,-5651000000.0,-4422000000.0,21857000000.0,7213000000.0,7213000000.0,-10606000000.0,14042000000.0,-10606000000.0,-6715000000.0,,,-6194000000.0,29000000.0,29000000.0,,2003000000.0,2003000000.0,1064000000.0,705421000000.0,-37943000000.0,13530000000.0,13076000000.0,1334000000.0,17698000000.0,3850000000.0,31605000000.0,31605000000.0,-18481000000.0,,-6194000000.0,11948000000.0,11948000000.0,24814000000.0,9599000000.0,13124000000.0,1005000000.0,-2853000000.0,,1275000000.0,-3525000000.0,13530000000.0,-12207000000.0,3850000000.0,-2575000000.0,,-45710000000.0,,-18481000000.0,-8769000000.0,70524000000.0,,
JPM,2021-09-30,3M,USD,705421000000.0,,-3158000000.0,97047000000.0,-62275000000.0,23331000000.0,16775000000.0,54448000000.0,-3067000000.0,-19076000000.0,16775000000.0,16775000000.0,8781000000.0,3413000000.0,8781000000.0,58103000000.0,,,-5286000000.0,-2090000000.0,-2090000000.0,,1928000000.0,1928000000.0,-3655000000.0,759869000000.0,97047000000.0,23331000000.0,3901000000.0,1421000000.0,-62275000000.0,2000000000.0,13505000000.0,13505000000.0,-12577000000.0,,-5286000000.0,11687000000.0,11687000000.0,-24004000000.0,-224000000.0,928000000.0,-1916000000.0,-3845000000.0,,2000000000.0,-1152000000.0,23331000000.0,9920000000.0,2000000000.0,0.0,,-69171000000.0,,-12577000000.0,-5286000000.0,45167000000.0,,
JPM,2021-12-31,3M,USD,759869000000.0,,-3386000000.0,-2022000000.0,-100158000000.0,85095000000.0,-4385000000.0,-19035000000.0,-11387000000.0,67324000000.0,-4385000000.0,-4385000000.0,13747000000.0,65299000000.0,13747000000.0,-17085000000.0,,,-2122000000.0,4811000000.0,4811000000.0,,1931000000.0,1931000000.0,-1950000000.0,740834000000.0,-2022000000.0,85095000000.0,1120000000.0,1260000000.0,-100158000000.0,0.0,13137000000.0,13137000000.0,-8891000000.0,,-2122000000.0,10399000000.0,10399000000.0,-79944000000.0,7309000000.0,4246000000.0,-2319000000.0,-3693000000.0,,0.0,3063000000.0,85095000000.0,3943000000.0,0.0,0.0,,-118354000000.0,,-8891000000.0,-2122000000.0,38410000000.0,,
JPM,2022-03-31,3M,USD,740834000000.0,,-3430000000.0,132772000000.0,-72608000000.0,-41917000000.0,64738000000.0,13698000000.0,1319000000.0,-80199000000.0,64738000000.0,64738000000.0,-49719000000.0,-63861000000.0,-49719000000.0,18247000000.0,,,-2455000000.0,-730000000.0,-730000000.0,,1820000000.0,1820000000.0,-4549000000.0,754532000000.0,132772000000.0,-41917000000.0,705000000.0,1088000000.0,-72608000000.0,0.0,20651000000.0,20651000000.0,-13094000000.0,,-2455000000.0,8282000000.0,8282000000.0,-20806000000.0,11857000000.0,7557000000.0,-491000000.0,-3197000000.0,,-2000000000.0,4300000000.0,-41917000000.0,11109000000.0,0.0,-2000000000.0,,-58580000000.0,,-13094000000.0,-4455000000.0,37774000000.0,,
